id,class
14005763157321875172,githeri
4939671543203955477,githeri
3538391152492031019,githeri
17566700413819485115,githeri
14713738564118739456,githeri
15062233551849204711,githeri
6709969051567974643,githeri
3275549613200301608,githeri
4534908463155914489,githeri
15721740844179914369,githeri
5907777417117531572,githeri
2079440503748202253,githeri
202246973074143646,githeri
7217843086834892636,githeri
12036075370824959992,githeri
6114937434563834968,githeri
4630248291925314477,githeri
11683649573558361077,githeri
1624470310833203051,githeri
10185922396479053738,githeri
6301312999276278847,githeri
8825262543999539006,githeri
5742399541651505527,githeri
12130217950914062945,githeri
2305994797978406383,githeri
9610046372652994794,githeri
9595750711435393866,githeri
4711295560881768278,githeri
1602739768801387849,githeri
5336103338836818402,githeri
14492031395775211036,githeri
15180330405180933305,githeri
17372721511186087195,githeri
7916739319163634799,githeri
10836894964273605243,githeri
4393321964761669995,githeri
11790948274972909438,githeri
15080108265011730234,githeri
10802787978865522683,githeri
8754307207914367665,githeri
4051709886444513666,githeri
16688741211065767686,githeri
5805478143224464923,githeri
1149843062122526330,githeri
18238021363785974835,githeri
8673977750213594528,githeri
18356986450660443534,githeri
13952093662018245409,githeri
13076129160838624192,githeri
8268939151875554532,githeri
7588213173685510207,githeri
684544971385033864,githeri
10549333422864644059,githeri
17493891441797324816,githeri
13777742879836625986,githeri
11067526545857188617,githeri
16123882081317975149,githeri
4216816757213627674,githeri
12159263390112852127,githeri
5365347652683237823,githeri
7689006531613782808,githeri
6173998037640260793,githeri
1947877945976510213,githeri
16770919428822080853,githeri
4488230524100335587,githeri
13846024403042696438,githeri
7012460466200000409,githeri
7410145167322684250,githeri
4516625517931520947,githeri
11543024943605373021,githeri
9711590509357354605,githeri
4462194659147342287,githeri
12636908719033382704,githeri
14274298906822704576,githeri
16425446292677113756,githeri
5022455876845258160,githeri
9857841299727088433,githeri
5780055510209891460,githeri
17695885168061205359,githeri
8849025397513741570,githeri
7301146957233457693,githeri
18193269968533076965,githeri
7397504556610685429,githeri
17598787577812102092,githeri
1006585947644423620,githeri
2582370106352787714,githeri
8085667222079548138,githeri
17106064900350678072,githeri
5198898022071514099,githeri
15284634986828540727,githeri
15042806088505028455,githeri
4311639097974963798,githeri
2768667936382086855,githeri
4692601763664753805,githeri
17925417494658274670,githeri
13820850437262806205,githeri
13497793634916117115,githeri
9674371995373870235,githeri
8866392347778848795,githeri
1462023346706004462,githeri
16578147552330393639,githeri
1417725730922480275,githeri
1880604816165993167,githeri
3153905102292069332,githeri
15076229117780095288,githeri
9112575659824287480,githeri
2713860184014229249,githeri
15887653076863490798,githeri
15095751180567633565,githeri
9036685073390275315,githeri
5264331851052496970,githeri
8516151755985931526,githeri
5734964963082829882,githeri
11171089477328577928,githeri
6547517987428283015,githeri
1317879274962821065,githeri
7137541340022629510,githeri
851635748668277500,githeri
4197237275090508054,githeri
8577646766747808096,githeri
8168492746049905944,githeri
6052486889685579944,githeri
15363898864040059866,githeri
7606155709157969988,githeri
8009588200740743231,githeri
7404886300161802094,githeri
2420146226928423587,githeri
815129099867142845,githeri
4241316475083459920,githeri
12809796348208429082,githeri
13523065622692759101,githeri
9859758081000319226,githeri
13522438690573832186,githeri
5719899351962542210,githeri
17650253255223601531,githeri
14875747537073356254,githeri
7741883228979030630,githeri
14968095156417704709,githeri
15757986308995805324,githeri
14092740163192020202,githeri
18190090369269226392,githeri
1663813611528329737,githeri
6146613756349012345,githeri
1158250948610061727,githeri
14641393919336657245,githeri
12944250541111215535,githeri
9553588400072128272,githeri
14350633139934502704,githeri
4048224949948654900,githeri
11606270246051169142,githeri
12146958979235757480,githeri
13343496578385481576,githeri
17704871682888291021,githeri
1807144751654850987,githeri
14229467218558343643,githeri
12316631136905102009,githeri
18073019249388127270,githeri
3395561779011964756,githeri
8566660793227630778,githeri
1568337449603094217,ugali
14808064362936386593,ugali
12187139668332920611,ugali
10291859668651526111,ugali
1864690356239667091,ugali
335646144186467822,ugali
13630586455706933613,ugali
566154660622965212,ugali
7673558291081750083,ugali
11772242623465214998,ugali
11009435452160578820,ugali
1991728053359600784,ugali
16733946872331548594,ugali
220524068788151209,ugali
14827826203101138522,ugali
331139528853146546,ugali
3625330147936573465,ugali
7249265054392332051,ugali
15787759236751906124,ugali
5237016818878190204,ugali
16774905423951648977,ugali
4585912225528376655,ugali
6891081601865097609,ugali
5785294839040947716,ugali
17613668885906195727,ugali
6188363377584320259,ugali
15759161903631717034,ugali
837741112908081738,ugali
15034798858546225817,ugali
4383544467627505424,ugali
17630634319398840325,ugali
13629735594328110717,ugali
4293033358643161241,ugali
6682125881921073594,ugali
15392660729497223531,ugali
14292455615311440906,ugali
16212144437174914916,ugali
4826015950053710497,ugali
14709369310281859920,ugali
1049740091350316522,ugali
11727920489323808678,ugali
17729216363834864217,ugali
3606010984886914749,ugali
1028560920088964503,ugali
12907167584677645963,ugali
8108813268050409520,ugali
13766258597634564233,ugali
743878419021449820,ugali
11621223475075705951,ugali
4821150482188719261,ugali
11637418048315150162,ugali
6865068090061317906,ugali
9228950624498779171,ugali
7738929281459931313,ugali
9772394007313576266,ugali
2787410077080848980,ugali
11715105790683722296,ugali
3515173775730142047,ugali
13376169089397187775,ugali
11113619251927682156,ugali
13978411171980389725,ugali
15855450071646901818,ugali
6461811943120675643,ugali
9690588926187395939,ugali
5880202716343651318,ugali
4664916933135003890,ugali
3742046793505432641,ugali
9700444021512045329,ugali
8000444561875474028,ugali
14657259709345970715,ugali
6112243465525410107,ugali
16535513119746017026,ugali
2502368451362884292,ugali
4549980041409734135,ugali
11396278270171963117,ugali
10647042734813985692,ugali
3445195072785942229,ugali
14206445646210545666,ugali
1396093307851902053,ugali
8400170542863621330,ugali
11682564643353600543,ugali
565671357926218459,ugali
4545542519591967146,ugali
15648932379738929643,ugali
14039894629873270524,ugali
7146753603076899891,ugali
3212087140293579708,ugali
15114030396533800728,ugali
16381339045295612646,ugali
1057851320029873263,ugali
8444919126826905265,ugali
2972415307151785439,ugali
8717363108505854774,ugali
8409542767213367354,ugali
17005876753087277517,ugali
8613782264758114062,ugali
12299728568616917758,ugali
6319568937967194147,ugali
9023052031023584545,ugali
2367844649263302496,ugali
5532750925687418255,ugali
4301825326543975290,ugali
13206374461644551757,ugali
10293760659183823178,ugali
275896623086731578,ugali
3917830299077308965,ugali
2812958015001991826,ugali
8461556487812022658,ugali
4094741999987783337,ugali
4869995336017760009,ugali
17460822637392727509,ugali
5478054872206215804,ugali
8158016983322052925,ugali
8187577712073056840,ugali
17851798094264179951,ugali
14953417966132227490,ugali
1000428069031919295,ugali
14687064799934961172,ugali
12242604354158635855,ugali
9795510754980142091,ugali
5777051876967217823,ugali
15064654893356520922,ugali
2807511740252926966,ugali
4618285748886797950,ugali
10571432152333201249,ugali
9756245620787895155,ugali
18068615647345964977,ugali
11966456530063792371,ugali
14971154290746445942,ugali
18133154460071666252,ugali
6684777071714540759,ugali
142555210472268520,ugali
9757075260102195587,ugali
3441412837989276753,ugali
11256359908816734404,ugali
6346733183489724896,ugali
15034102952344702438,ugali
170940657865308493,ugali
8728311242248918729,ugali
12132174248812759791,ugali
3694874990526395269,ugali
9199176137422618101,ugali
1110524507048478729,ugali
7889627695309630177,ugali
9508544886434504962,ugali
14909389548037373263,ugali
10348335598029111784,ugali
12872695463050468390,ugali
15904533775563212212,ugali
9643813484204068315,ugali
15199275683281039958,ugali
15074155635180507427,ugali
9654067105293170576,ugali
9884156030921689076,ugali
6077707135503258602,ugali
11348451582090273478,ugali
13090812303089703941,ugali
9370211090445618102,ugali
12933680576778859001,ugali
15809037455897024368,ugali
10016461233526271183,ugali
8334672447058731301,ugali
13638089698269941031,ugali
16772940549455576763,ugali
6463264772341729409,ugali
1873430026892578267,ugali
17432991057868959046,ugali
12480111821684263510,ugali
17094013941458819139,ugali
14215034991467474606,ugali
18306856856867379476,ugali
14866106070927942399,ugali
3863603754295068217,ugali
885205908717527982,ugali
3776996782248793226,ugali
13151828977388322271,ugali
15859915390406574446,ugali
2660610040170382485,ugali
13314318977986602191,ugali
13947206125216022778,ugali
16866362136559890899,ugali
7840311645196531621,ugali
14903059121897303376,ugali
5440574553041906214,ugali
8293215105266842812,ugali
17479552557035840043,ugali
7294269541270435253,ugali
11364935283885242267,ugali
17490187907999292854,ugali
14197914931207252248,ugali
6051707615345979075,ugali
3392560950210958660,ugali
3990258984421544127,ugali
10296150731301352760,ugali
17872941446346594017,ugali
3621597742680332665,ugali
16800021017508815567,ugali
14443287150002107610,ugali
14799906546754463632,ugali
3643922977930361496,ugali
8546538507244970988,ugali
4394642209181948381,ugali
3229453490576595360,ugali
52543304277116056,ugali
5990215045094926577,ugali
8802480895900593054,ugali
11252008886986765214,ugali
12487998559342412135,ugali
13299402178945456629,kachumbari
16234330846513804184,kachumbari
9231929168323964870,kachumbari
3998400985780656366,kachumbari
11340236159544328996,kachumbari
349831210979611535,kachumbari
17331353143747505420,kachumbari
5274203241956843203,kachumbari
15428588281804745041,kachumbari
8197763633934010065,kachumbari
2228083123004496126,kachumbari
2155849727426140404,kachumbari
2637340416989001097,kachumbari
7333101380985625515,kachumbari
7355573707678088837,kachumbari
8931971704430442260,kachumbari
8252467505191679664,kachumbari
4952852342556463066,kachumbari
17726482488319798413,kachumbari
14860449527958034478,kachumbari
16444000870042681818,kachumbari
13196359228880408113,kachumbari
3114569049350745278,kachumbari
15065602455753901830,kachumbari
6859978817899393155,kachumbari
379145191247681558,kachumbari
16533125595462012528,kachumbari
10665312104977278464,kachumbari
16134453194001147892,kachumbari
17384742503432305903,kachumbari
12744621231677977526,kachumbari
1419754802656300931,kachumbari
1962519694450856717,kachumbari
16151855575609517091,kachumbari
12118768458052519225,kachumbari
7128415453066428480,kachumbari
6038664787270631453,kachumbari
12256553183959991992,kachumbari
14072225001481637365,kachumbari
5287215373957512454,kachumbari
7792883335552122639,kachumbari
16658790692228103696,kachumbari
14690277671319535835,kachumbari
1703490225272750794,kachumbari
1452278469166113646,kachumbari
15695925215997394716,kachumbari
16715240297599250467,kachumbari
15261275935561099385,kachumbari
17373198876845863591,kachumbari
3633696000343052816,kachumbari
16385959541488007462,kachumbari
9288156418433492102,kachumbari
6010995905036773200,kachumbari
17750086951556232772,kachumbari
18404375084304595174,kachumbari
4437220880739119497,kachumbari
1910544636328744125,kachumbari
17121282425550932452,kachumbari
11326200655969153259,kachumbari
9506047632728758137,kachumbari
1938908454580690466,kachumbari
10589818593826356225,kachumbari
4637631837406318823,kachumbari
1251130141517486088,kachumbari
12287207952802190326,kachumbari
14206975883305801139,kachumbari
10360258384849587784,kachumbari
15768782566789120317,kachumbari
1292508237365607912,kachumbari
957523515652028494,kachumbari
11231402301498841931,kachumbari
13790861529744546435,kachumbari
15693940437668614498,kachumbari
17816120698610473346,kachumbari
15579716070463211895,kachumbari
12540797410011583046,kachumbari
15986692396346800558,kachumbari
15611903131460667035,kachumbari
9970405310844612391,kachumbari
12008290377657537195,kachumbari
11468140884762892659,kachumbari
13245359189291093345,kachumbari
12286479591390083335,kachumbari
13615043203787961846,kachumbari
15510622562742327743,kachumbari
6275172381432941204,kachumbari
16770384468910288068,kachumbari
8636216506278768756,kachumbari
2407764218055487402,kachumbari
13720090055438544026,kachumbari
12330585674884899529,kachumbari
4930868040427417844,kachumbari
12374188290548632019,kachumbari
2976022029825644522,kachumbari
4116088072528345056,kachumbari
4152333976341050558,kachumbari
1487060008791763304,kachumbari
8303083764765721427,kachumbari
5328610130187617421,kachumbari
11913254464879152377,kachumbari
15674075266399528919,kachumbari
13256653843473335007,kachumbari
4612520345060991555,kachumbari
16137381128363006063,kachumbari
3578338558214359556,kachumbari
8352022383025312863,kachumbari
13309134333971245702,kachumbari
7663024379491586025,kachumbari
12374803177643187519,kachumbari
9213560230724169020,kachumbari
1106073172962452688,kachumbari
8919975517153887283,kachumbari
1312035520037348165,kachumbari
3452102476744705215,kachumbari
18023162618300690500,kachumbari
10602699516817885231,kachumbari
1002694837187555296,kachumbari
15015337158838759674,kachumbari
2657612345387410550,kachumbari
1249463196725286735,kachumbari
12411615302977187645,kachumbari
8175067732813602168,kachumbari
7086017559043493184,kachumbari
16159123300643115981,kachumbari
13291204724601399207,kachumbari
9046017474826282680,kachumbari
4829304924169302548,kachumbari
9390843819941450791,kachumbari
5756585797982405959,kachumbari
14212587130988609835,kachumbari
10229403451667459472,kachumbari
525406301300834210,kachumbari
1932612942329751685,kachumbari
6488546799557477767,kachumbari
8036858564712135499,kachumbari
3256000500405405944,kachumbari
11289801088181644965,kachumbari
4553988334855863421,kachumbari
2647696478783896523,kachumbari
15108484606631332602,kachumbari
10555592958204082076,kachumbari
10310059003438883067,kachumbari
5311405979743192963,kachumbari
5956836579531567996,kachumbari
11648369668654920838,kachumbari
8228076614137881963,kachumbari
14993653185406526851,kachumbari
7079852198334685982,kachumbari
1540176621597226328,kachumbari
8982474186984036646,kachumbari
9794310017739386266,kachumbari
8797669548822192079,kachumbari
9320632377329494840,kachumbari
15943103814224969933,kachumbari
4061264755125580372,kachumbari
866366076601625389,kachumbari
10684725898190952106,kachumbari
15392889512982463953,kachumbari
9737513360498481843,kachumbari
10881535603209139977,kachumbari
9937991884298504056,kachumbari
18386085888216261645,kachumbari
7441909136368386443,kachumbari
10758607662526960140,kachumbari
2547906925836120627,matoke
10659687815034937571,matoke
8358389500690710713,matoke
12265598765240122562,matoke
10997963660938439905,matoke
9494838655156929777,matoke
10945600168256598293,matoke
782686697672672305,matoke
4471674810117347991,matoke
8925971978759951625,matoke
3113560680153381548,matoke
16941568777764243549,matoke
14382692712203870990,matoke
8692762223047163727,matoke
9055357283695410309,matoke
6918934808329175912,matoke
2061951086611995120,matoke
2327233197544628049,matoke
1556819571652590523,matoke
5456723282343307924,matoke
2800728609517992088,matoke
10591406234810654968,matoke
14281149143713197446,matoke
8293304328820480775,matoke
17832554589913035663,matoke
9162160209121836647,matoke
3951871279364558666,matoke
14427955693785076966,matoke
16166945605803038452,matoke
13550108524827590613,matoke
5637452581179236694,matoke
345114957865157786,matoke
15024130623172916126,matoke
11560672584278106825,matoke
10507637223251276401,matoke
2216489155820610040,matoke
7815681102728722107,matoke
13055606559481475180,matoke
6676486784929365490,matoke
1007417225203910208,matoke
5265320467063984118,matoke
14518233751429762016,matoke
370791639544511014,matoke
11807043391728527859,matoke
6386572446113667826,matoke
3988146424260397687,matoke
11437796106380101134,matoke
13085578699982976882,matoke
14772018886981649417,matoke
2844295939989039306,matoke
17835903511716296799,matoke
1311751449338507214,matoke
4292640004663136538,matoke
642977219758815994,matoke
8273959246884635211,matoke
12186857571472219302,matoke
5808131100147059641,matoke
4878722678199665409,matoke
4057157272653883692,matoke
14582020180525763256,matoke
11440089671316319638,matoke
10069970321436769123,matoke
4746212136218637438,matoke
8163931107267537934,matoke
1140299240071472876,matoke
3533270803236857679,matoke
14182648849213904998,matoke
8922632751268106303,matoke
5212034390482768398,matoke
9972738485425887466,matoke
9158174997431812813,matoke
2469567793060296462,matoke
11250248392169509669,matoke
8012610076223290166,matoke
2197796157945142820,matoke
12947609831722845162,matoke
18350522183222262152,matoke
18144601720111481324,matoke
11281652441770814193,matoke
15127996986284621333,matoke
10983431993459880764,matoke
5822066372618563169,matoke
9282776250322359564,matoke
16055193571075129625,matoke
2331922036763610860,matoke
15800027884543153953,matoke
4005925271880670033,matoke
13712769261733665933,matoke
3614219408751327428,matoke
14697560581317556529,matoke
8082350431248579129,matoke
2864127203693038472,matoke
1801457985266067793,matoke
12796470685324604742,matoke
1561594622471910155,matoke
6452496040943170976,matoke
12936547359695383817,matoke
18107757887823908708,matoke
3715639839766547957,matoke
9269531372656522006,matoke
75622308242568762,matoke
7385058314932363810,matoke
10774206147178381205,matoke
12950363113995121830,matoke
12302705575873297492,matoke
8686691646956765636,matoke
12289551239244461933,matoke
4516492097593147027,matoke
5991330199046757504,matoke
1515439270035241583,matoke
288264548908302197,matoke
3303360389385333157,matoke
18307398830928264783,matoke
16365888584764847379,matoke
15616841475849989644,matoke
4433191811991682645,matoke
10726246886887144717,matoke
3895488433198707294,matoke
14455870942581663218,matoke
7085076172899367835,matoke
13064375762695313833,matoke
16520603414915660460,matoke
9376924588196495093,matoke
17770808768964762977,matoke
15775890783840677163,matoke
16934680528230289036,matoke
3363514013724460896,matoke
6004218817072372837,matoke
15006179941039425728,matoke
14886389523235693306,matoke
11202478828971249014,matoke
1659482572273349466,matoke
8310550567632300492,matoke
10529112511464420016,matoke
11190720834240218245,matoke
8337296846883677359,matoke
11184355184087426553,matoke
12995790919582707670,matoke
11362993873001791052,matoke
5858790677633034598,matoke
8236994936791466810,matoke
12969118772478342976,matoke
2210297463942652906,matoke
4978369626918100576,matoke
15409892720396830395,matoke
4227087633207410814,matoke
7510790479385156284,matoke
10147547126690733027,matoke
7612951042563788025,matoke
8230860071058727563,matoke
17098372230061362971,matoke
2146884760685443353,matoke
17601205439129792564,matoke
13434642611137992185,matoke
518696670209515504,matoke
1404899091350083708,matoke
13893958754258449309,matoke
14171725393449523983,matoke
7858283504578696452,matoke
13480044992951782163,matoke
3039963436498421762,sukumawiki
727467247663453298,sukumawiki
6584300145597584155,sukumawiki
5901468219421486604,sukumawiki
14431356697066725622,sukumawiki
1313500751768418705,sukumawiki
18341252944945463877,sukumawiki
7360437630698723418,sukumawiki
2320315191495287683,sukumawiki
3174765340095314311,sukumawiki
3698316275805766040,sukumawiki
8134111007343792211,sukumawiki
3991864241268102464,sukumawiki
7256543694816015312,sukumawiki
4369895144442484150,sukumawiki
12369235536161129824,sukumawiki
10659666686522985502,sukumawiki
7603626539980470866,sukumawiki
3079526983213324947,sukumawiki
4984481208260943401,sukumawiki
1431087442957425803,sukumawiki
12891224790282418777,sukumawiki
15386609476659097404,sukumawiki
10993221130754771089,sukumawiki
1579527541899583504,sukumawiki
12862008661156699104,sukumawiki
3609638342446729349,sukumawiki
10118171013200649427,sukumawiki
6884697714038417211,sukumawiki
2990028303608299297,sukumawiki
17961387162986795342,sukumawiki
1112272220787266174,sukumawiki
5662702470697776639,sukumawiki
8739719968723888097,sukumawiki
8874223922281081866,sukumawiki
10385911191105442054,sukumawiki
15151089019990551120,sukumawiki
2551502144158136483,sukumawiki
10651708144948175256,sukumawiki
7111431555709404990,sukumawiki
12813529048659281348,sukumawiki
9305418798778646881,sukumawiki
15317758780325328228,sukumawiki
12724119478088835817,sukumawiki
1322316505704041298,sukumawiki
7039924652436709092,sukumawiki
5036154551328316768,sukumawiki
6389444355880308861,sukumawiki
14796657970081361303,sukumawiki
11138304429665867364,sukumawiki
8648567825201416762,sukumawiki
12120502550604820436,sukumawiki
12574670413108843105,sukumawiki
12674873148275559036,sukumawiki
17816980300162562284,sukumawiki
15696436898525381188,sukumawiki
16310534578938153796,sukumawiki
17971180104177417962,sukumawiki
15479464144536321935,sukumawiki
12547632862344493585,sukumawiki
15797960655038554201,sukumawiki
3100840147393598967,sukumawiki
12610943318704121356,sukumawiki
1996796153464360752,sukumawiki
4880080033482558323,sukumawiki
12893051542280660273,sukumawiki
16728257056216369248,sukumawiki
3356750948159675306,sukumawiki
2851852894002129804,sukumawiki
15547318821219300531,sukumawiki
2969955129281186446,sukumawiki
13673782228987948971,sukumawiki
12706135814179945928,sukumawiki
10863768120982649673,sukumawiki
621955568796434179,sukumawiki
17716505079503822719,sukumawiki
7949409721244528310,sukumawiki
10610252008656665605,sukumawiki
4421017268486927260,sukumawiki
17350601184357275337,sukumawiki
8366214947271656382,sukumawiki
459122275148527163,sukumawiki
1373449663250773497,sukumawiki
16637380631754916350,sukumawiki
10733990064099012990,sukumawiki
7116923502341044128,sukumawiki
9846346533962745557,sukumawiki
16263606648957656514,sukumawiki
17544268216718499828,sukumawiki
5033427266726332983,sukumawiki
16591322070434799681,sukumawiki
1917437119045899551,sukumawiki
7667712825370434047,sukumawiki
5406709788574344590,sukumawiki
17540715502256650831,sukumawiki
13188739593690640523,sukumawiki
14122136481438306986,sukumawiki
12611101733083182467,sukumawiki
10854257274394233242,sukumawiki
9543377879654371976,sukumawiki
2403938368275360495,sukumawiki
16292068910159576399,sukumawiki
10068134825225361925,sukumawiki
6839115662379616761,sukumawiki
12505920127772500144,sukumawiki
2755051729579281813,sukumawiki
699955745936556519,sukumawiki
16714142893670256626,sukumawiki
7664126732826008377,sukumawiki
5930905801544536090,sukumawiki
4238766986249076462,sukumawiki
2805268285577510042,sukumawiki
4864661384346447693,sukumawiki
7507886735616011329,sukumawiki
5922321632570715309,sukumawiki
3915244035546126293,sukumawiki
8676283696658142123,sukumawiki
9450853507738039674,sukumawiki
5914916902448985143,sukumawiki
7716867994205166515,sukumawiki
4933156120285394559,sukumawiki
8637807727930374826,sukumawiki
12540055320081006633,sukumawiki
12494066896692015350,sukumawiki
8975725656040730358,sukumawiki
14935806671878049213,sukumawiki
4984263119730727239,sukumawiki
16948840941695987515,sukumawiki
15449369208744687919,sukumawiki
18093144193106783490,sukumawiki
3103085325970021451,sukumawiki
14241886715439772303,sukumawiki
10815271571889993836,sukumawiki
3375255202666977472,bhaji
11015545559029839923,bhaji
7358629108987869599,bhaji
17374663407117389312,bhaji
12955365288873814526,bhaji
13489035122886959919,bhaji
15303377743411870609,bhaji
15114196352917320864,bhaji
16872136787786797350,bhaji
1337429570509354262,bhaji
12084892710725865044,bhaji
4063470696885228401,bhaji
8762643077531616128,bhaji
11914825156651230567,bhaji
4409741516806335872,bhaji
10931799664297657088,bhaji
9034422646378948682,bhaji
13983426766558248279,bhaji
10439969322690324652,bhaji
6627825237909357511,bhaji
8777779777375789886,bhaji
910100540753635814,bhaji
13096084595993254183,bhaji
9730813364647611371,bhaji
14013714632646819289,bhaji
2534902189311619505,bhaji
17916943344242380694,bhaji
7792787216674191986,bhaji
3574150288362585522,bhaji
9795886263384777645,bhaji
3788575078006085880,bhaji
2076987654670447487,bhaji
8354894820765094725,bhaji
13143533235967906301,bhaji
15633635181298930585,bhaji
9190051967793148742,bhaji
3929478575642912288,bhaji
17974533127538800654,bhaji
8266473252583309245,bhaji
2997648924127757116,bhaji
3921870683593491547,bhaji
18355411125526475604,bhaji
10993589677114962455,bhaji
18192589770516635562,bhaji
15032610492501348626,bhaji
14106304219320818493,bhaji
2599839090045711548,bhaji
740071192854427722,bhaji
9575570240661150843,bhaji
13259980024934575284,bhaji
2367535487529808174,bhaji
15141299982976736060,bhaji
18371762271769683995,bhaji
14957413420526835983,bhaji
1066166288807931979,bhaji
10481178930069596961,bhaji
12923221635114922450,bhaji
875362771898192461,bhaji
10181298693676480391,bhaji
2457198212154330,bhaji
2023614655239739108,bhaji
11444849759277650947,bhaji
5132790141732954064,bhaji
3993093413644913344,bhaji
9203413494344078278,bhaji
12304789781248749562,bhaji
10731758138248223297,bhaji
10397888921779159872,bhaji
9481765960307955481,bhaji
7777965674736050224,bhaji
10728607791868848852,bhaji
14102245597058316626,bhaji
522709413898648035,bhaji
3785669883016866181,bhaji
15621350242804925909,bhaji
4736650894468525795,bhaji
10220773676071669058,bhaji
6111749284204038325,bhaji
8668902472571208961,bhaji
186671310092988766,bhaji
13666452032998721759,bhaji
11119623973770077210,bhaji
17558481459106700742,bhaji
11266971764753916756,bhaji
12628600317411933015,bhaji
13525380787977373239,bhaji
10549773163251957198,bhaji
4036555113773839456,bhaji
2711009566086308252,bhaji
12071711008431752911,bhaji
17824323680743062862,bhaji
11113170050299038158,bhaji
10263418791439795156,bhaji
18338117753138062178,bhaji
18279900190461436902,bhaji
2817371334216920197,bhaji
15557888301036907178,bhaji
4336595868751383090,bhaji
1576876745274620995,bhaji
5003971040327505543,bhaji
2079142813084203137,bhaji
1969934665992425545,bhaji
3752889830292096696,bhaji
8584136729466767213,bhaji
5842904217708753905,bhaji
812405743958954944,bhaji
9869641254326009695,bhaji
2995115583973608302,bhaji
4290924925832830495,bhaji
15395199963991407217,bhaji
7516412114157537114,bhaji
6303889263200627259,bhaji
4913752215412885305,bhaji
15953499285397142132,bhaji
381490474148198010,bhaji
4150631221421820470,bhaji
2887790578563718694,bhaji
15064447960481918104,bhaji
15951170733726111048,bhaji
66851581510449171,bhaji
4029962478747211079,bhaji
11655038938317312541,bhaji
15558956491607907379,bhaji
10013553698958399021,bhaji
6028058126526202178,bhaji
2703241285867978276,bhaji
14076457066597063248,bhaji
14485101802386866654,bhaji
956928695072472548,bhaji
16610392650849932354,bhaji
837432167684803498,bhaji
4857542494443668666,bhaji
3688505758760888388,bhaji
4024422106188748736,bhaji
12572506250957187361,bhaji
11339527727829362138,bhaji
18048715559801947400,bhaji
9987018211684258964,bhaji
5789998109836490870,bhaji
7951562400379645533,bhaji
17924581762401617341,bhaji
6436349253258513404,bhaji
15143461521639177198,bhaji
17948456027162625771,bhaji
1770839692804507694,bhaji
6741939936667879338,bhaji
9038915352796254732,bhaji
16018741854879624083,bhaji
3190403845402276231,bhaji
1646964077867239664,bhaji
8392359728727173253,bhaji
5941036034153746307,bhaji
9903746869230563181,bhaji
9578429914439953095,bhaji
13553195098548776842,bhaji
10704422019256146156,bhaji
714357362786459148,bhaji
17871953180819197929,bhaji
11917742723496602805,bhaji
7662842881435309401,bhaji
6570220849626493324,bhaji
17754491736870738461,bhaji
14541388762680521621,bhaji
12556131929024357309,bhaji
7462315163313537713,bhaji
10813253081410686422,bhaji
2341100406052957423,bhaji
6487203251521700508,bhaji
5928817913421413944,bhaji
7326326630266346188,bhaji
11554327540819192124,bhaji
9092150934352515256,bhaji
6551146223485247526,bhaji
3310176060297790508,bhaji
11694487611485503068,bhaji
11994967983648214773,bhaji
1106511764996737669,bhaji
12844139800062858992,bhaji
3718424710527749073,bhaji
16697664658551306963,bhaji
6181871429128174062,bhaji
8873946858887581966,bhaji
2509390201934320885,bhaji
18068980915327822723,bhaji
3211535684647312692,bhaji
10998156442481719438,bhaji
9024597328911418537,bhaji
8006921394265165031,bhaji
8362038071878427831,bhaji
12988102541029806203,bhaji
15827521201083145574,bhaji
14076599984406940122,bhaji
17189987538938513502,bhaji
14140002861847499251,bhaji
1053117357112859584,bhaji
14485341783018471457,bhaji
9471969999832168664,bhaji
4178631518681533894,bhaji
11515855876673138706,bhaji
16450312084370604877,bhaji
4320316778086789650,bhaji
14482429043260960338,bhaji
12960648577601867641,bhaji
17991471640892059983,bhaji
13564532271628144381,bhaji
9519574193138121478,bhaji
18422110003324278934,bhaji
2804009489989881850,bhaji
16485700227080886738,mandazi
5690354232437835367,mandazi
6637335768170234513,mandazi
7874150713501213805,mandazi
13844978939219819309,mandazi
13111109849827046590,mandazi
14984181710028766901,mandazi
3147148474345687388,mandazi
311027892845279085,mandazi
5181903121546437963,mandazi
7991196468543254496,mandazi
172193194934650936,mandazi
12492550419868803813,mandazi
17098722706044246301,mandazi
1612870140217130459,mandazi
14702358011426744794,mandazi
5118000331738336721,mandazi
13358204802524764404,mandazi
8768135634518909320,mandazi
6869498743401285058,mandazi
18093816081055681418,mandazi
6121587723968635615,mandazi
10584288593827193742,mandazi
750955121353602129,mandazi
12778639767489898393,mandazi
14597688689359890782,mandazi
16271254157960542250,mandazi
10978063955741588834,mandazi
123033311948288166,mandazi
2523867681068939349,mandazi
17483658746719497897,mandazi
16167037748680301049,mandazi
13964154510649159761,mandazi
17929111951186863393,mandazi
6778560964240960688,mandazi
12833718269599423117,mandazi
16198075339432483296,mandazi
16685956538750101636,mandazi
4784207383195888155,mandazi
7899820405343818720,mandazi
3401542064243336383,mandazi
3480732134049651377,mandazi
71181032733127309,mandazi
2877638866129677895,mandazi
8686134834537206563,mandazi
8280757462155385387,mandazi
1146046171908353880,mandazi
8055991830572221990,mandazi
17756693447739198562,mandazi
5222206282647513072,mandazi
4754934471314426655,mandazi
15881526400914598695,mandazi
8367191564832106150,mandazi
17329925517194023886,mandazi
9846062231316624898,mandazi
11906490258756855851,mandazi
17736368993395717130,mandazi
6825795710626404755,mandazi
12460222080986579338,mandazi
1869204049604353243,mandazi
8267756477769551479,mandazi
14944897414878706522,mandazi
11676490625349852138,mandazi
7499728039951295133,mandazi
9353255342688495123,mandazi
8443850956498689815,mandazi
14374833282197162826,mandazi
16047357903431579733,mandazi
11111313000889914609,mandazi
16224880418528162849,mandazi
10795049038425262297,mandazi
12215925925031259845,mandazi
12290972954955141436,mandazi
3284425748988297065,mandazi
8405916913730886369,mandazi
8275307560793505740,mandazi
15541114278741524058,mandazi
3124851109081024480,mandazi
9208298155803792612,mandazi
2092095964407854503,mandazi
13065360401623046198,mandazi
12475409938384350334,mandazi
18288326364127878872,mandazi
8333428238006719448,mandazi
17303540663786393584,mandazi
6171973347631481088,mandazi
1418109249009841349,mandazi
14602819336349257152,mandazi
3868690908143929109,mandazi
10008676600679891878,mandazi
9889330633520469831,mandazi
17594563198989995151,mandazi
15173655225319858856,mandazi
10937556428537260937,mandazi
16428082971114420101,mandazi
16108634338627272936,mandazi
1062441493615881367,mandazi
5031632409330566438,mandazi
10119828909536842852,mandazi
12760092677030923147,mandazi
8881988279891282675,mandazi
16516835929179325213,mandazi
12559523894080426876,mandazi
12124888806465030897,mandazi
4504438658646482574,mandazi
10857556990686561556,mandazi
11954244739371638805,mandazi
14334734808871425842,mandazi
139475583833131899,mandazi
283709062827914464,mandazi
13489342017098058887,mandazi
16337006131910494480,mandazi
1853953489197766957,mandazi
18056568119119126879,mandazi
17170579137904913523,mandazi
16841396627524655602,mandazi
5794896814376929954,mandazi
2279503241565017479,mandazi
278775677080854224,mandazi
14502790961207101939,mandazi
10961800032786594196,mandazi
2873381308622075238,mandazi
5323526750513334028,mandazi
14612012352511523907,mandazi
12190688512090500293,mandazi
11837118796307905240,mandazi
12142253736047708081,mandazi
9700548290677435247,mandazi
7528055423384006642,mandazi
5754960044323883819,mandazi
15183043572453566241,mandazi
4485907502565021817,mandazi
9006351564579274617,mandazi
1630480295804231927,mandazi
233573538116550695,mandazi
9384870497251427402,mandazi
16442987923069759199,mandazi
3687770482532845936,mandazi
11020364581084321842,mandazi
11454474135537551469,mandazi
16889820088069965769,mandazi
14995516092276748765,mandazi
1954717182848099554,mandazi
15519043450409712509,mandazi
14535342270271164072,mandazi
14771026428338090669,mandazi
383024110694560589,mandazi
6609041926365258583,mandazi
2732079194772252900,mandazi
16650040607607333636,mandazi
12921299552705324441,mandazi
7436925289570361192,mandazi
7339522601944068492,mandazi
14321732576358834675,mandazi
16814035226137440053,mandazi
3772146140634360284,mandazi
17888994147883437177,mandazi
7499596666576183997,mandazi
15959146446093911042,mandazi
17578202692142854393,mandazi
17190964511898947685,mandazi
3597472334381891932,mandazi
5831273866424700135,mandazi
6540476615087037727,mandazi
4229863901186466544,mandazi
17086480318342541936,mandazi
16205779928142316129,mandazi
3117104789715287399,mandazi
15606020434666458744,mandazi
2370223311709807327,mandazi
14236404960626527980,mandazi
12146095143617708100,mandazi
4314224732404640810,mandazi
11457846142254362631,mandazi
16023501187054330846,mandazi
16346946344747586935,mandazi
18110437879372173248,mandazi
5956141016521046100,mandazi
9138290658400869698,mandazi
6393258776671370847,mandazi
4421309586127708121,mandazi
14048268203800954913,mandazi
1870196241594106272,mandazi
7071157225147483060,mandazi
7627856280084565315,mandazi
3403166871390972144,mandazi
10901055601758572002,mandazi
3116361802394879635,mandazi
2111834151197995701,mandazi
16751418689581016016,mandazi
14082429887602509309,mandazi
20477088202364883,mandazi
1702884612821339843,mandazi
8353134606463475386,mandazi
15232361454608926289,mandazi
17562488974958997840,mandazi
624256842786825324,mandazi
15775539796138468797,mandazi
15208772311205447880,mandazi
5466530873335478253,mandazi
2930370023619364884,mandazi
9303329525027269876,mandazi
8309720771430829880,mandazi
4670337377980910979,mandazi
10542660845164671033,kukuchoma
15981152444364517872,kukuchoma
13702013738182792115,kukuchoma
7652543665221125473,kukuchoma
11829665400386245779,kukuchoma
8503417671431804621,kukuchoma
12754710522944283234,kukuchoma
1851056066332902822,kukuchoma
11884506930480448289,kukuchoma
6726687041553121936,kukuchoma
3055205323746244422,kukuchoma
1167025876651890296,kukuchoma
3798095749077183708,kukuchoma
18427007429482692,kukuchoma
9887362249950854257,kukuchoma
11834972165956977627,kukuchoma
14409437411496449315,kukuchoma
13014535141041232835,kukuchoma
2265106475094013143,kukuchoma
8626302195553632742,kukuchoma
4015831451640846227,kukuchoma
13055542994144573872,kukuchoma
9848989149562456340,kukuchoma
4350175736026431671,kukuchoma
13801243276222144501,kukuchoma
4585577251733990288,kukuchoma
17223288630933930306,kukuchoma
13210066764563758926,kukuchoma
13797078758970334533,kukuchoma
10520240199090899078,kukuchoma
16542226965726969402,kukuchoma
10000704313205233290,kukuchoma
171383798520937512,kukuchoma
15294522967159795017,kukuchoma
14807386907675098139,kukuchoma
14745730412470097581,kukuchoma
10709611494315390201,kukuchoma
10448175087328936406,kukuchoma
11136809253757514507,kukuchoma
13021444828208037387,kukuchoma
4610752874265167517,kukuchoma
14364647997716297411,kukuchoma
2077353009382364176,kukuchoma
14541172200629631797,kukuchoma
4635177853211313006,kukuchoma
6054823929012423364,kukuchoma
13749458417076881374,kukuchoma
4729823043164982352,kukuchoma
229229939651522748,kukuchoma
1967817329042794155,kukuchoma
15912039544584297578,kukuchoma
10943022930063029933,kukuchoma
11783805025449255548,kukuchoma
11070877761762910971,kukuchoma
7645116233875841834,kukuchoma
17764930809570332119,kukuchoma
9914437305652142586,kukuchoma
32189625458975206,kukuchoma
2346062850795176367,nyamachoma
1526185602682789704,nyamachoma
17798597813340340850,nyamachoma
13057809432746687497,nyamachoma
3351030912247215394,nyamachoma
417057641270380626,nyamachoma
8917132923853013460,nyamachoma
7712920448954486723,nyamachoma
1041536295234655949,nyamachoma
16202217190881465598,nyamachoma
17824431378418748103,nyamachoma
1885441240118954924,nyamachoma
12769786215582013242,nyamachoma
15720300442709922386,nyamachoma
12049051170431037337,nyamachoma
9251702411500608561,nyamachoma
8511398649274222009,nyamachoma
17558186939894031965,nyamachoma
4695819845286483527,nyamachoma
7368723633187912787,nyamachoma
16378606546343872569,nyamachoma
11428103272931584617,nyamachoma
13786552598092874632,nyamachoma
7332989796142072611,nyamachoma
4062998728533427068,nyamachoma
6165458250938302402,nyamachoma
16623351611821141006,nyamachoma
7071929078798979781,nyamachoma
13174388155830117069,nyamachoma
3317089621510121587,nyamachoma
4129463438934648072,nyamachoma
6345998203811432669,nyamachoma
9500652032589174724,nyamachoma
7019960165813987649,nyamachoma
11253567608231519496,nyamachoma
5356250035023694208,nyamachoma
13518931792446075714,nyamachoma
194971053250710940,nyamachoma
12486412004222897541,nyamachoma
10672480841389104667,nyamachoma
17530272069501959246,nyamachoma
119958757943453218,nyamachoma
3222628987202222839,nyamachoma
8584307331952131006,nyamachoma
3429965381059247234,nyamachoma
7557432458740048696,nyamachoma
2506585008821229672,nyamachoma
12143772469228210263,nyamachoma
10361567963051252662,nyamachoma
218382943938554530,nyamachoma
7238634140882441115,nyamachoma
3174363953698213278,nyamachoma
17859738812558525445,nyamachoma
16800633149982449736,nyamachoma
3317248733672810039,nyamachoma
4458097726471475766,nyamachoma
5512125529302034629,nyamachoma
14452024564841015677,nyamachoma
8747176288321192364,nyamachoma
8466301410335822730,nyamachoma
8408833437515570536,nyamachoma
4398771512612621869,nyamachoma
13327731666669471951,nyamachoma
13705526309152068673,nyamachoma
12468622865520398994,nyamachoma
17707524584416466950,nyamachoma
11442489255212943426,nyamachoma
929014347521927651,nyamachoma
4382578902626429975,nyamachoma
14134655908180610675,nyamachoma
14364124402059622828,nyamachoma
10224760571550666658,nyamachoma
394666098113765214,nyamachoma
5118217963304574046,nyamachoma
8926840128253334107,nyamachoma
11253298310544235537,nyamachoma
4109057641736534332,nyamachoma
5312558917038776410,nyamachoma
4605949703188056968,nyamachoma
16615647093832102322,nyamachoma
7204414631651685302,nyamachoma
3084344510696192893,nyamachoma
7137104121345508188,nyamachoma
8621275925502979725,nyamachoma
1612791566557451963,nyamachoma
5654298003529650295,nyamachoma
1604213670853114762,nyamachoma
7089271779940282114,nyamachoma
13030129249613161471,nyamachoma
17945055314782646939,nyamachoma
16819150371115645166,nyamachoma
3232258346505571853,nyamachoma
843070235705894273,nyamachoma
4072759740875472647,nyamachoma
7012438054696024834,nyamachoma
15083453885912426435,nyamachoma
9365593664346393186,nyamachoma
18370030800537630099,nyamachoma
8541870493395183679,nyamachoma
16910583879223391236,nyamachoma
12675613917774758491,nyamachoma
3510563265342413304,nyamachoma
2799992978037101884,nyamachoma
17569217401994150577,nyamachoma
17052793947652740155,nyamachoma
14174608934128422292,nyamachoma
8964968776107975859,nyamachoma
16775513643262866787,nyamachoma
11367591471027708974,nyamachoma
8109458246948028638,nyamachoma
5152601103396773811,nyamachoma
8455161810420435198,nyamachoma
14306819831488230218,nyamachoma
12143520874550855144,nyamachoma
14840245448118063637,nyamachoma
1372885646078990182,nyamachoma
11249983685382479575,nyamachoma
10941264867785636672,nyamachoma
3738588407340826803,nyamachoma
10046617758390745287,nyamachoma
15220128513425002662,nyamachoma
12354795001716182467,nyamachoma
16019891462926160254,nyamachoma
13895238646442143834,nyamachoma
17235372346250900099,nyamachoma
12725976675057365061,nyamachoma
11666336775819444839,nyamachoma
7023710686121497137,nyamachoma
5364540370326136860,nyamachoma
5840679919912006555,nyamachoma
13376604083975168532,nyamachoma
9768668693613265230,nyamachoma
7448893582150284736,nyamachoma
16303389888524426910,nyamachoma
11424043374983287799,nyamachoma
12820454544437367152,nyamachoma
15002507801401564052,nyamachoma
47077058928558823,nyamachoma
10043294594003099046,nyamachoma
5123665236028576909,nyamachoma
14796671572171986895,nyamachoma
1735540758275965166,nyamachoma
13138415253730041960,nyamachoma
10678423852519607151,nyamachoma
11721864535610159880,nyamachoma
10014684452812030103,nyamachoma
15002618933732474893,nyamachoma
14942425161195047687,nyamachoma
9626696206670759336,nyamachoma
12106460517886051895,nyamachoma
7497562818398119458,nyamachoma
11201657276835710972,nyamachoma
3172978149741773042,nyamachoma
12167075584452906100,nyamachoma
15874646562462291203,nyamachoma
10610807048853243341,nyamachoma
5949225399256334432,nyamachoma
13668153577679052798,nyamachoma
842338201600184249,nyamachoma
15085456684673855464,nyamachoma
10690262045533132518,nyamachoma
11314408850706975999,nyamachoma
1004336640274748885,nyamachoma
16365108669448527829,nyamachoma
1822072678592275712,nyamachoma
3016923934583548521,nyamachoma
6604682301048196263,nyamachoma
8524417119785004331,nyamachoma
11099196893113233086,nyamachoma
10341563986087620742,nyamachoma
7422124455510696486,nyamachoma
10378146570084520708,nyamachoma
15510311400908231551,nyamachoma
12864709505363964749,nyamachoma
654142719627041297,nyamachoma
7958141736761710956,nyamachoma
15929117091153795997,nyamachoma
14964665262291265210,nyamachoma
4237142708976787404,nyamachoma
669494095998218665,nyamachoma
15279479487299729707,nyamachoma
79896317863964652,nyamachoma
14315076516043730127,nyamachoma
11620259103803309777,nyamachoma
9470111214581528297,nyamachoma
8660477799397031567,nyamachoma
7038614504170842794,nyamachoma
2261767228957968981,nyamachoma
467618114218618784,nyamachoma
5593203278823348616,nyamachoma
2212402430588901668,nyamachoma
4197048094590419885,nyamachoma
16945665807636370884,nyamachoma
16929434426815820214,nyamachoma
13335659428024350984,nyamachoma
9150085871251889550,nyamachoma
2802377383735454126,nyamachoma
14229713543388538303,nyamachoma
6984426989023292331,nyamachoma
1492662090240326854,nyamachoma
13947571166248632954,nyamachoma
14784050603018047608,nyamachoma
13945483504085797133,nyamachoma
8678437971399185248,nyamachoma
296711218878415246,nyamachoma
14819577899721803055,nyamachoma
12160223995550021499,nyamachoma
2516242288510937905,nyamachoma
9477796201653897807,nyamachoma
956306874014430546,nyamachoma
5376992440245463912,nyamachoma
9176417954972400835,nyamachoma
5529357443396381036,nyamachoma
3889195621982114670,nyamachoma
5767959828170157021,nyamachoma
12815216501151738944,nyamachoma
6273605947402223789,nyamachoma
3528788557257334458,nyamachoma
12471355700579688884,nyamachoma
14170132330192576656,nyamachoma
1079946313473669275,nyamachoma
8636005434076365900,nyamachoma
8802095718982367281,nyamachoma
8326645037155543375,nyamachoma
2322218227472091615,nyamachoma
936977497604088918,nyamachoma
7596753450468364386,nyamachoma
9822711848821045712,nyamachoma
13324191594566304543,nyamachoma
7271588312374659370,nyamachoma
17847537500108948809,nyamachoma
6021635240172391199,nyamachoma
14885326622743937771,nyamachoma
8621238885492389719,nyamachoma
2474043263346258349,nyamachoma
4683715122806983974,nyamachoma
12695795343100083287,nyamachoma
8443072958920670664,nyamachoma
9586550269195830491,nyamachoma
3892468428493707618,nyamachoma
9117646608434046665,nyamachoma
1286244484511419128,nyamachoma
2850633307214364614,nyamachoma
16716150783490039516,nyamachoma
16151942907585486151,nyamachoma
15571399493223364388,nyamachoma
10317044456096235518,nyamachoma
3206967117356616173,nyamachoma
10444429940635766207,nyamachoma
12440276998271051717,nyamachoma
6028650451162681564,nyamachoma
10555952380468307251,nyamachoma
5853467370625208175,nyamachoma
15389379149691589075,nyamachoma
8571290665463050639,nyamachoma
6641457706024007341,nyamachoma
10941303256583157287,nyamachoma
7195614444864808896,nyamachoma
3426606029120751417,nyamachoma
4045389362015552624,pilau
11480874463434957585,pilau
11421712402595912226,pilau
5238348298071711436,pilau
2645401058245720886,pilau
12570823521946934910,pilau
8744259020807660504,pilau
3446420301460097476,pilau
16533464727003156041,pilau
16568510039375641473,pilau
3897973340120888654,pilau
18256144250530132400,pilau
15872568742560844157,pilau
9294231836925242946,pilau
2058117208352515810,pilau
6281112332249967240,pilau
163703528831022796,pilau
7662909103117323721,pilau
12544771906841202315,pilau
8744051551605407278,pilau
11590979908831306856,pilau
15718537118719944368,pilau
3444721157979579255,pilau
1194060520073941577,pilau
5611122067531608155,pilau
12721642229593588698,pilau
4425978919397384370,pilau
5677882410192645048,pilau
11619287850051398577,pilau
806617424053583552,pilau
467848997221380588,pilau
4645834164743520103,pilau
12875345428382378752,pilau
1206791246672523750,pilau
988715951538695529,pilau
15604969600646911085,pilau
10381452443333819966,pilau
5438139714712547089,pilau
3547440187739456994,pilau
13494096205197549324,pilau
6404380474082553236,pilau
18321794585792371673,pilau
3032263285485672749,pilau
10716030533985105216,pilau
17630578119236082691,pilau
18003331287389813607,pilau
11065826734179407216,pilau
15563921499764324259,pilau
5326576808001663935,pilau
16802601967334232541,pilau
11845997685075421431,pilau
4330085950489068195,pilau
7405122323030041081,pilau
5804493114374873065,pilau
1729686157558167038,pilau
9698923819963422117,pilau
15184354366160842977,pilau
5236209911916870476,pilau
5807190451340083576,pilau
10930466368149369318,pilau
6594434580930996804,pilau
14302656041304273437,pilau
255163918280910938,pilau
16107992345783131948,pilau
8472824444760927907,pilau
18352250658584899283,pilau
3896052989289848861,pilau
10952692129022420419,pilau
6949190386222384077,pilau
13869918658622020108,pilau
10074267276134185985,pilau
18287216861990281364,pilau
12435092818490042841,pilau
12429548623298631745,pilau
5757666292020865697,pilau
12306835213356237384,pilau
15914295629415201729,pilau
15137470616031672416,pilau
11474093853193038768,pilau
15209559520321644968,pilau
1139910498706269004,pilau
10826706704204050695,pilau
5849291532505513820,pilau
9177036489314545011,pilau
11768790062048049263,pilau
2547221814289959848,pilau
3843287634575332120,pilau
1254539847733118704,pilau
489298316484129646,pilau
16718325454382529089,pilau
4316443002115985289,pilau
14337200224242560369,pilau
4994914157582412267,pilau
15313724313474932425,pilau
17623194770419852158,pilau
12885881655496540674,pilau
1793040388171917968,pilau
15243278226137847187,pilau
15947024171930539859,pilau
16240103950600596521,pilau
13990658640170962824,pilau
12329321818627581024,pilau
14646242623829806107,pilau
6786312720705538240,pilau
3610497481237262968,pilau
6622055969556354500,pilau
3849570750810721111,pilau
4477384335023123486,pilau
9726611988600202615,pilau
2846980190169464861,chapati
15980129267990913128,chapati
14781980543578586663,chapati
9704072362251646460,chapati
15906082341153372576,chapati
8087957556176900364,chapati
5724950809463230489,chapati
13334429225498059552,chapati
16846706429110815434,chapati
2582593899847212808,chapati
14935926725277872427,chapati
14696239772867677644,chapati
16882287929650400435,chapati
7897854231040928024,chapati
14407936627291518914,chapati
14859521309948114838,chapati
4235416677406911315,chapati
13871018275611302945,chapati
14379312974137455718,chapati
8004676257018550658,chapati
6693518078310879777,chapati
550952275798185441,chapati
12733179067017059973,chapati
2959847299946941663,chapati
16704686180537081608,chapati
171204175648124967,chapati
4893424890903886111,chapati
15996289958101997251,chapati
2549815011065979899,chapati
17336566429887775586,chapati
13597874694302004987,chapati
1101334720612812463,chapati
12601205350350422144,chapati
18357202962220325657,chapati
8148488941079449756,chapati
8212517947525383826,chapati
1418362087299209050,chapati
8351702195445187700,chapati
1150143485855762029,chapati
13877052390730447254,chapati
11262495080692064032,chapati
17160381594896493943,chapati
4358264127818779979,chapati
8981884368368274639,chapati
10391644373116143314,chapati
18024071077300801500,chapati
9445126244773677163,chapati
16321027829450957963,chapati
14220239408849104039,chapati
17633642366491958980,chapati
10375641324913500407,chapati
17390568596263629781,chapati
5574283772404524399,chapati
15108648967318520593,chapati
11692295886111358652,chapati
8019342907717472204,chapati
11220772607486921455,chapati
11718028082906554464,chapati
16068545521322452126,chapati
43124690650944815,chapati
9986495766528589842,chapati
8932375903485562286,chapati
1534878623789943122,chapati
13696759655405251855,chapati
8833937690167916386,chapati
6635582548271835775,chapati
1992680915485609449,chapati
17340675132686171957,chapati
12980730566405641088,chapati
13879902903603575962,chapati
3495511595173796950,chapati
16894468869318819788,chapati
16219701952053008318,chapati
387251009633556560,chapati
1502628195303690333,chapati
2536090348433868638,chapati
11733074802387946124,chapati
11673504802795251705,chapati
2312252248670584693,chapati
11631855771573742682,chapati
17290053835938088670,chapati
8735964025711530133,chapati
14846090028851815217,chapati
2014019210784984007,chapati
345517314748957209,chapati
9912750366772042138,chapati
16282614765807136033,chapati
16426870930481787690,chapati
2115634504184957827,chapati
10029887603475106823,chapati
6709650129000709140,chapati
9873537143852904848,chapati
15491328363275618121,chapati
13021125408310328685,chapati
15046600746234575162,chapati
8754320133070163388,chapati
5229634095962732088,chapati
10223884097309707227,chapati
10830993785720649041,chapati
3323589290171419903,chapati
8632565246200955805,chapati
1237823413026551289,chapati
3757634719802384778,chapati
11337279117766379440,chapati
5064695083975451362,chapati
12213098276955748515,chapati
13375732612046310849,chapati
7268345502774803538,chapati
10005439734524136396,chapati
14900472109464513300,chapati
9786296451374629690,chapati
17634787621960882423,chapati
3118810866328377540,chapati
1620984007774001821,chapati
6721840486041709436,chapati
3778263346867171818,chapati
1599751431121768766,chapati
7402519855229923641,chapati
195115231805157898,chapati
799940676837758200,chapati
3027884826362824279,chapati
2961522186708349728,chapati
1008625126893455453,chapati
14331719541049531206,chapati
3729560957135568043,chapati
13244227394491662714,chapati
4771499868006332027,chapati
14720827925679900326,chapati
7216513555569021564,chapati
13237995794025883980,chapati
509834727676931910,chapati
13040445140967190877,chapati
5522729823329333520,chapati
14053324153906134557,chapati
3157525099671227591,chapati
11176503057309975229,chapati
6458278277272834902,chapati
2435255649774704655,chapati
2772929511894515545,chapati
11589613821851494770,chapati
11846773985634382337,chapati
15404497848981746832,chapati
4988742226379681651,chapati
4680359568002697131,chapati
3047347171486095357,chapati
6246338443813139447,chapati
1274502367162721598,chapati
15390617161793017758,chapati
9977529776176280637,chapati
1591201260881321453,chapati
2155189077862186043,chapati
12624262022166321026,chapati
1658759811006856051,chapati
3009040300822834634,chapati
10806254996133212183,chapati
15916441252290666449,chapati
1229437848397963254,chapati
11823907247284469683,chapati
1925056457710187845,chapati
6776711182223089190,chapati
8509776071577255459,chapati
16796781573863044830,chapati
15248325400245070102,chapati
12507614551614369016,chapati
16851632422335020104,chapati
17310869576717999226,chapati
11861794375460366505,chapati
16573010040810149271,chapati
18331145336374072964,chapati
17003643505576756683,chapati
11773205776141933907,chapati
5434572567716788984,chapati
13109087627252598921,chapati
16731658253675299258,chapati
17923372093892796807,chapati
2258919856109206079,chapati
17683116684673971595,chapati
15865352573996296008,chapati
9157526494066748939,chapati
7675758511189195362,chapati
15176995723991709909,chapati
5448962758077622123,chapati
5978072087325432749,chapati
13244409495956807009,chapati
4407097334196810403,chapati
9121819519920698463,chapati
14222587511460557397,chapati
3236469551689868225,chapati
3914464382066903274,chapati
17967019301916110821,chapati
6261973203778656338,chapati
4896722165406724709,chapati
13755922400932952881,chapati
8458374663691195234,chapati
12398406570419532061,chapati
2521740111317832312,chapati
15304662337981501659,chapati
7491683036058804170,chapati
17941324842698928587,chapati
14791422988144698481,chapati
11908571845865870059,chapati
3623064229711309351,chapati
18393287908446049753,chapati
6285926891366708038,chapati
13092247063823776587,chapati
2495439425458764124,chapati
7002941626142342180,chapati
11331749622358568426,chapati
13404120263396343186,chapati
4734602962788030819,chapati
13861561732418981656,chapati
3057723183025286067,chapati
8132244085898659333,chapati
10384818886243451104,chapati
6520936358558085292,chapati
6430201313550750612,chapati
16377519126996148899,chapati
5376731866580232483,chapati
10280279768885488489,chapati
4989092033482678506,chapati
1209237600408151678,chapati
6802724622157269392,chapati
5782155482314322071,chapati
13772932584800036085,chapati
7251354966680218812,chapati
6851904825217815087,chapati
5198565716830933485,chapati
742668370380244052,chapati
9712927851124719559,chapati
14907892465904150367,chapati
5692063887037161676,chapati
14653510935584526126,chapati
3289542482959193053,chapati
1966498572800746238,chapati
11215750708293432772,chapati
6570852920837127970,chapati
2236721629616852197,chapati
7411472599888240853,chapati
8387238902784309496,chapati
12286851113898490370,chapati
571255453226015725,chapati
6367971986970117774,chapati
10862001413023540661,chapati
6169180475818165700,chapati
2241189063862336399,chapati
4366015209893195388,chapati
14870246005027565872,chapati
1821828618100618942,chapati
14254138171981815741,chapati
6417156194248888181,chapati
6830598605045465385,chapati
18171784794680248256,chapati
10560008345908938472,chapati
11013991027819274964,chapati
2699337142678254568,chapati
4471187700346052040,chapati
7768704388765659975,chapati
11460768546669631678,chapati
13492813886984048648,chapati
2674222697190311267,chapati
12622795953476165214,chapati
8404692890142660556,chapati
17074794638453232405,chapati
13551583661228522610,chapati
14947009411506120887,chapati
11491362490213820256,chapati
3146129954400760045,chapati
11682266877248270165,chapati
11100867011011199169,chapati
17707252881050517848,chapati
15672288904149320560,chapati
16990528707357185694,chapati
15575072067306500431,chapati
16396195490891422478,chapati
405827768779731842,chapati
13093943179125833178,chapati
10842039308111190548,chapati
13864992058321910373,chapati
7012299004142438228,chapati
4653508433229936796,chapati
9287061085608299239,chapati
12522163958687942116,chapati
2294454679824047262,chapati
4881044551460129838,chapati
2971505431423349404,masalachips
16649762306186752414,masalachips
1777897183441484491,masalachips
14994801140127840525,masalachips
5411972183179445853,masalachips
17150094126503216040,masalachips
1479809379371515398,masalachips
9454149259547514994,masalachips
4746419540600064178,masalachips
4234339420630336097,masalachips
11374086994998324556,masalachips
8274935795557384800,masalachips
18248678945254214908,masalachips
9883096141151425953,masalachips
8389132758755684126,masalachips
12229605820293983612,masalachips
17603562561014986806,masalachips
826152109746781778,masalachips
75920667874705035,masalachips
11236256369628023681,masalachips
16304405155635632552,masalachips
17887857039316145114,masalachips
10631022791878343908,masalachips
9429267600165846422,masalachips
3015954333139572128,masalachips
12088986439636975719,masalachips
18022159844379682183,masalachips
17073403611830811197,masalachips
6200441918398702585,masalachips
1290151983554936959,masalachips
16819604266099582422,masalachips
6530783475279103251,masalachips
16696418434499103122,masalachips
4850756803819506703,masalachips
3505816930274936395,masalachips
11096668499879175576,masalachips
6516000514440977157,masalachips
10019976548702330812,masalachips
14182846331128291814,masalachips
6810238912239054769,masalachips
5594631784881705287,masalachips
14217008762036018631,masalachips
1929845512131111952,masalachips
17076126061785726385,masalachips
9387637575454788011,masalachips
6135744088109524277,masalachips
17622105607683709505,masalachips
5970387627187443859,masalachips
16514709398376942309,masalachips
16346404407994259243,masalachips
17047315515697633500,masalachips
974076512270096587,masalachips
18405061273258466832,masalachips
5730776995013927826,masalachips
9809300841572930491,masalachips
583592153411545261,masalachips
14273252344953756381,masalachips
6775179596087814281,masalachips
17312767216222103534,masalachips
7066906144141538723,masalachips
3719108182369390345,masalachips
782173105863602023,masalachips
16751434925142329718,masalachips
16219319215875511953,masalachips
13486249913910154132,masalachips
2648453414492273470,masalachips
93294765318327635,masalachips
3748489098609531981,masalachips
10912699481353988585,masalachips
11615746438963451033,masalachips
9780577118212575057,masalachips
5223223760487591840,masalachips
14365229170259477174,masalachips
15969263028153092362,masalachips
10138836882759298985,masalachips
6565201511980194686,masalachips
3965298475584925352,masalachips
17664810859557336510,masalachips
7885780226033783535,masalachips
8949452682245057130,masalachips
3987651711262985508,masalachips
14815429051518132778,masalachips
8616716424853615101,masalachips
906956921354827279,masalachips
11829350907397297405,masalachips
2656882896192123713,masalachips
14785414132325956122,masalachips
15898654590941308649,masalachips
15394176481883414558,masalachips
18130515337775456559,masalachips
5185879108099612156,masalachips
5520943323838386395,masalachips
10447559050216341918,masalachips
4853058493134278854,masalachips
11105191239089314558,masalachips
7527501741126975086,masalachips
1569506622750978762,masalachips
11991736573284276494,masalachips
619541128368990787,masalachips
105256459171328522,masalachips
11812915700734587008,masalachips
14079071910582829141,masalachips
8193040742203675976,masalachips
16252074532941906810,masalachips
11363526457613282689,masalachips
7909805667627989417,masalachips
11090538298632742489,masalachips
13546441665252951923,masalachips
18224759609134859590,masalachips
11456794063845541015,masalachips
10312008873919354028,masalachips
3165831094330978254,masalachips
3499662210542179429,masalachips
13868161130893626582,masalachips
3328262008183867138,masalachips
3830093049106229634,masalachips
15783441493420306297,masalachips
2935508046653160322,masalachips
6218045659686320939,masalachips
18259704632829977248,masalachips
12499118375487881776,masalachips
2184503425503130353,masalachips
12327528086845556077,masalachips
10746858163533088230,masalachips
1456174599055912769,masalachips
6890366121242731043,masalachips
348426858314239331,masalachips
10461363815571310770,masalachips
9068074130155283215,masalachips
2574201531976462735,masalachips
13044360597859860144,masalachips
571878369373729580,masalachips
6687114581657196592,masalachips
5954790840755647158,masalachips
12454956669759335496,masalachips
16232953584639487345,masalachips
4578016036597700839,masalachips
18324832742953001925,masalachips
11523676320956184734,masalachips
13408384710518427154,masalachips
3773778289442321603,masalachips
13508680467246059465,masalachips
9556324869260623952,masalachips
14430203420402357204,masalachips
2800222892515998101,mukimo
69369869492247917,mukimo
16186474768662680880,mukimo
3133036213235108285,mukimo
5479923740978024976,mukimo
8650354706656284758,mukimo
8157342489250389548,mukimo
4326358993894489185,mukimo
14941711287205260760,mukimo
11050681732841660953,mukimo
3235684557837879282,mukimo
9557702554172799777,mukimo
9612112925761947266,mukimo
15892114759031138966,mukimo
13281478586311496495,mukimo
16237195954198922594,mukimo
12677838628919138975,mukimo
8253807304674279015,mukimo
14147773026190165000,mukimo
3108044408636683248,mukimo
12261198067497392982,mukimo
14472368852910670487,mukimo
9917190450376777994,mukimo
2658436304645942730,mukimo
15050655760032996618,mukimo
1597361652434299104,mukimo
8805159956402052752,mukimo
3668432843422906420,mukimo
8464547654643382954,mukimo
1351941743975556046,mukimo
7829374945584540301,mukimo
14629661565439111644,mukimo
11552366020898958218,mukimo
4332451398014219715,mukimo
5409462893730328630,mukimo
15845108422893035722,mukimo
12173534426943191876,mukimo
13992255890293023607,mukimo
14904582313640717827,mukimo
869563445629088959,mukimo
14178545800433757735,mukimo
14525152417366117904,mukimo
15065767604508681875,mukimo
10822746388198709761,mukimo
14947218676454789342,mukimo
17515231453980705395,mukimo
5142279181234377760,mukimo
7869106789768616046,mukimo
16067890247468508539,mukimo
11411973548709173566,mukimo
9921230524731802931,mukimo
13920299426439066693,mukimo
11632418651003847064,mukimo
8710545156613699508,mukimo
18424371051242529603,mukimo
15496866321126439505,mukimo
5289985354868329078,mukimo
1817549469979783706,mukimo
12321341460548887165,mukimo
1041771183757182279,mukimo
17007731591344275740,mukimo
4289537998132266403,mukimo
16720035561608319373,mukimo
18064815718175715029,mukimo
13871795402328454552,mukimo
6973619981616318326,mukimo
12770368421809847472,mukimo
1060904374160147043,mukimo
11020681061874580096,mukimo
11152925482043931609,mukimo
7193476764171369565,mukimo
